"","geouid_21","CMA_UID","den_21","area","popu_21","popu_16","popu_11","popu_06","popu_01","popu_96","popu_91","popu_86","popu_81","popu_76","develop","pca1_cum1975","pca1_cum1990","pca1_cum2005","pca1_stock","n_edges_cum1975","pca1_inc1990","pca1_inc2005","n_edges_cum1990","n_edges_cum2005","n_edges_stock","transit_per_21","transit_per_16","base","base1","change","time","time1","b_percentage_80_05_1","b_1960","b_1980","b_1990","b_2000","b_2005","b_2010","b_2015","b_2021","total","total1","l_sndi","l_change","Type","Region Name","area_cma","distance_cbd","slope","dist_sub_center","geometry","nearby_pca"
"1","2050026.05","12205",5012.31686762609,0.7713,3866,3967,4005,3804,2613,1830,1348,1267,1735,1512,1976,0,1.29923783785278,1.50998411133679,1.46643783269502,0,1.29923783785278,1.53966710806724,6,85,87,10.9704641350211,13.312693498452,1267,1642.68118760534,3369.63568002074,1986,35,0.95253164556962,10,65,145,735,515,70,40,0,1585,1580,0.412099128477953,8.12255991068367,"CMA","Halifax (B)",7276.22,7.58565011580148,0.796903542640841,7.58565106115503,c(8404997.4793, 8412349.29601659, 1439400.1852, 1441269.11349914),2.5558757912315
"2","2050121.09","12205",1106.3829787234,0.188,208,203,183,173,96,139,104,119,87,65,1976,7.13686499735744,4.99218840306099,3.75796519092458,3.75796519092458,0,0.808201737754067,3.48635429190211,1,13,13,0,0,119,632.978723404255,473.404255319149,1986,35,1,0,0,15,45,30,35,0,0,130,125,1.3238776382886,6.15994968588433,"CMA","Halifax (B)",7276.22,7.61302759993543,0.561908619620542,7.61304533479172,c(8419244.9157, 8412349.29601659, 1444495.3944, 1441269.11349914),2.65863223360838
"3","3200025.00","13320",136.588967408501,3.7924,518,493,490,465,-99,-99,-99,-99,-99,-99,2006,3.6740947249128,4.2905047977046,3.84671311174497,3.87231803474185,12,4.86080308940791,2.79839082848934,32,45,45,0,0,465,122.61364834933,13.975319059171,2006,15,0.75,10,40,35,35,20,30,10,20,195,200,1.34721904644943,2.63729284949046,"CMA","Fredericton (B)",6014.66,15.8833824549116,1.20452595559123,11.9509250544797,c(8116457.1474, 8124341.60645438, 1467316.9949, 1476298.08141988),5
"4","4620734.06","24462",2379.2394655704,2.1406,5093,5082,2737,1923,1387,1202,866,666,-99,-99,1986,1.92557116355646,2.81876959591758,2.30985522838075,2.27672651556777,12,3.37264342642706,2.1671323317652,39,158,185,0.826446280991736,1.6,666,311.127721199664,2068.11174437074,1986,35,0.8375,85,240,165,730,280,215,135,150,2000,2000,0.837184850873105,7.634391269164,"CMA","Montréal (B)",4670.1,47.4597869426157,0.516643986288281,18.8021274540676,c(7585744.498, 7604400.04074186, 1255889.2477, 1253546.01877271),3.84257551397685
"5","4620830.04","24462",3193.19395696627,1.3106,4185,4237,4071,4003,3600,3310,2365,1693,1536,1214,1976,1.10750630403297,1.18164542596146,1.61639395541201,1.61639395541201,29,1.30812999890572,1.79995062846983,49,161,161,5.31914893617021,11.134903640257,1214,926.29330077827,2266.90065618801,1976,45,0.936781609195402,35,75,300,935,150,65,105,75,1745,1740,0.480197714677952,7.72616882783935,"CMA","Montréal (B)",4670.1,13.0681156126001,0.119297939644638,5.66052289958952,c(7636050.15, 7639871.36623889, 1232841.6244, 1237017.72616509),1.71137545291355
"6","4620887.06","24462",2459.74302867082,1.7823,4384,4515,4613,4620,4400,3637,3123,2859,2220,-99,1981,1.96088052916646,2.00550148570013,1.81825926077455,1.81825926077455,25,2.11678237478779,1.73923715725761,44,188,188,6.14886731391586,12.2199592668024,2220,1245.58155192728,1214.16147674353,1981,40,0.987987987987988,0,20,200,1120,250,65,0,10,1675,1665,0.597879593274548,7.1018089749187,"CMA","Montréal (B)",4670.1,13.2246461180799,0.172852914459621,8.32302822847516,c(7640132.5525, 7634874.28108559, 1255694.8978, 1249243.27935),1.55868853634117
"7","5050141.16","35505",3929.16034562364,1.5161,5957,4958,3759,3786,1833,672,241,235,197,141,1976,0.74076565752092,0.74076565752092,1.88316729878466,1.79381927724002,2,0.74076565752092,1.91512418291473,3,129,154,12.8712871287129,25.7974062390466,141,93.0017808851659,3836.15856473847,1976,45,0.985294117647059,0,30,75,1510,85,10,80,250,2045,2040,0.632955092666578,8.25222677110796,"CMA","Ottawa - Gatineau (Ontario part / partie de l'Ontario) (B)",4665.16,14.9018656305556,0.177133754281274,14.7611197688762,c(7471805.1637, 7471708.75239316, 1175611.9786, 1190372.78351338),2.28407578487843
"8","5050141.18","35505",1281.65522501907,5.244,6721,6829,7039,6842,2068,759,272,266,222,160,1976,1.45858342730318,1.48668863796202,1.42948829117434,1.40598780482667,4,1.60350936212271,1.45104483983439,6,158,184,8.15347721822542,19.1650322219109,160,30.511060259344,1251.14416475973,1976,45,0.976525821596244,0,50,70,1635,320,35,10,10,2130,2130,0.35731654189278,7.13181374344342,"CMA","Ottawa - Gatineau (Ontario part / partie de l'Ontario) (B)",4665.16,13.9361480922202,0.222577431462222,13.7267014011598,c(7473070.0975, 7471708.75239316, 1176713.7546, 1190372.78351338),2.0678136571495
"9","5320202.12","35532",1691.00427056068,1.4518,2455,2525,2192,1770,1171,1104,703,418,-99,-99,1986,0.74076565752092,0.481312369545907,1.57554878269351,1.6815848831252,8,0.481312369545907,1.73193284787165,11,64,66,4.06091370558376,7.30769230769231,418,287.918446066951,1403.08582449373,1986,35,0.95679012345679,20,15,45,610,90,0,20,10,810,810,0.454603645044954,7.2464292503582,"CMA","Oshawa (B)",903.25,6.77985795388681,0.328818284025843,8.14129818591691,c(7267851.0131, 7275439.3429663, 966533.848700002, 969483.083514695),2.96586202333193
"10","5350400.13","35535",4990.21832694264,1.2779,6377,6678,6233,5592,5563,3313,2046,98,602,485,1976,0.574950300515413,0.875814100327922,1.67229766568577,1.67004046430411,12,1.07244650623965,1.92375168479733,26,88,91,9.9009900990099,15.807560137457,485,379.528914625558,4610.68941231708,1976,45,0.990881458966565,0,15,45,865,325,135,240,20,1650,1645,0.514198528533468,8.43613267195,"CMA","Toronto (B)",5902.75,24.8374184746245,0.376211861645203,13.3502216200944,c(7230414.206, 7218741.7701178, 952442.657200001, 945963.254613217),2.14268222638507
"11","5350400.16","35535",2335.48792530748,2.2278,5203,5388,5586,5427,4865,2710,2374,2433,491,396,1976,5.09653495740984,4.90579319690543,2.9310676150163,2.93558883303398,4,0.782243841156842,2.81610067021339,5,131,133,6.58307210031348,12.962962962963,396,177.753837866954,2157.73408744052,1976,45,0.972508591065292,15,25,10,980,355,50,0,20,1455,1455,1.07536673038669,7.67681391646501,"CMA","Toronto (B)",5902.75,26.9235175661576,0.543517536217187,15.2270684281366,c(7231457.4669, 7218741.7701178, 954340.286800001, 945963.254613217),2.16413747810204
"12","5350403.01","35535",1681.73993162476,4.1243,6936,7585,8143,8054,7610,573,265,240,221,217,1976,1.95292224533522,2.73880536110224,2.99940917747676,3.19189232343468,52,3.52459873165679,3.18267902013978,96,213,219,3.73333333333333,13.90625,217,52.6149892102902,1629.12494241447,1976,45,0.936768149882904,0,135,205,1410,260,80,20,25,2145,2135,1.09841532843163,7.39579830450336,"CMA","Toronto (B)",5902.75,26.3998122649743,0.747141418308893,7.46309690075715,c(7222239.6547, 7215450.17059012, 954456.212699998, 951357.709695032),2.10284970521749
"13","5350403.09","35535",5717.81595669569,0.8498,4859,5012,5118,4146,650,401,185,168,155,152,1976,0,0,0.773734851197104,0.79922291468339,0,NA,0.773734851197104,0,141,141,6.93877551020408,17.4712643678161,185,217.698281948694,5500.117674747,1991,30,1,0,0,20,520,630,115,100,30,1425,1415,-0.256526033595536,8.61252476640023,"CMA","Toronto (B)",5902.75,28.4936861623797,0.419450129851071,11.0750151325278,c(7225154.3371, 7215450.17059012, 956694.8543, 951357.709695032),2.1722095031997
"14","5350403.10","35535",4917.87932941877,1.1751,5779,5609,5051,4932,773,477,220,200,184,181,1976,0,0,0.914522276221164,1.04199246990402,0,NA,0.914522276221164,0,140,164,6.84931506849315,17.7062374245473,220,187.218109097098,4730.66122032167,1991,30,1,0,0,10,235,830,295,340,90,1795,1800,-0.0893534525401114,8.46182026459571,"CMA","Toronto (B)",5902.75,29.1262312968362,0.275445120918324,12.1957071388015,c(7226096.1736, 7215450.17059012, 957307.322500002, 951357.709695032),2.21932745635971
"15","5350411.09","35535",4365.864144454,1.3956,6093,6332,6409,6434,777,200,196,186,375,190,1976,0.919933825545054,1.22559538974993,1.4753126879374,1.43807712880451,8,1.98595149745026,1.51388094010002,11,125,127,8.54922279792746,17.0694864048338,190,136.142161077673,4229.72198337633,1976,45,1,0,0,25,900,780,95,55,0,1860,1855,0.388869959146656,8.34989154491021,"CMA","Toronto (B)",5902.75,23.0119068182003,0.695043941367726,5.05224440916208,c(7212313.1033, 7215450.17059012, 947397.4089, 951357.709695032),2.54106548027493
"16","5350411.12","35535",4203.72690259944,1.2772,5369,5592,5687,5490,3765,913,515,377,330,167,1976,1.56884004203954,1.55930868593117,3.05548367789217,3.09791100430737,2,0.74076565752092,3.10214644302692,5,119,120,5.54216867469879,12.2923588039867,167,130.754776072659,4072.97212652678,1976,45,0.984076433121019,10,15,75,1260,160,40,10,0,1565,1570,1.1169379034607,8.31212826415011,"CMA","Toronto (B)",5902.75,26.9161118063645,0.198189852883441,7.68128736806472,c(7208095.0265, 7215450.17059012, 949143.204999998, 951357.709695032),2.44758407502264
"17","5350411.23","35535",4083.51026185421,1.1304,4616,4587,3925,4002,2761,1567,1055,324,284,144,1976,4.87454907093846,2.32608460367726,2.49199206176212,2.33144537152552,2,1.62424056841591,2.52002009640824,7,65,74,7.23684210526316,11.1627906976744,144,127.388535031847,3956.12172682236,1976,45,1,0,0,55,750,335,465,445,90,2160,2140,0.913082415431418,8.28301946244675,"CMA","Toronto (B)",5902.75,24.4228965696606,0.272787288944093,7.05440335206758,c(7209273.5645, 7210597.3375702, 946883.659899998, 939954.573992588),2.44690334782415
"18","5350411.24","35535",6296.92978705208,1.1693,7363,7393,7281,6936,5164,1252,707,517,453,230,1976,0,1.29046266226709,3.13697314973778,3.04444499186071,0,1.29046266226709,3.15292780475059,0,130,137,5.0709939148073,12.621359223301,707,604.635251860087,5692.294535192,1991,30,0.980716253443526,15,20,35,1030,545,145,15,10,1820,1815,1.14325836995539,8.64686870333691,"CMA","Toronto (B)",5902.75,27.7119787627893,0.227454711040618,8.58265718398198,c(7207104.0677, 7215450.17059012, 949356.567299999, 951357.709695032),2.52527732612265
"19","5350411.25","35535",3664.93878901511,0.9067,3323,3435,3457,3130,2330,565,319,233,204,103,1976,1.77952237714785,1.76392681552483,2.28002131003838,2.26570563120658,10,0.748269210432792,2.41282722943493,17,85,92,5.38116591928251,14.4927536231884,103,113.598764751296,3551.34002426381,1976,45,1,0,0,50,355,440,50,15,0,915,910,0.824184789430734,8.17508028286858,"CMA","Toronto (B)",5902.75,26.7091227481462,0.215804064028094,8.54261723708075,c(7207458.6137, 7215450.17059012, 948339.212099999, 951357.709695032),2.37646323560316
"20","5350411.26","35535",5156.84549985342,1.0233,5277,5377,5352,4970,3701,897,506,371,325,165,1976,0.761061697418606,0.761061697418606,2.98106059110548,3.19646202269692,2,NA,3.00717120118113,2,80,81,5.57029177718833,12.565445026178,165,161.243037232483,4995.60246262093,1976,45,1,0,0,35,860,410,160,35,10,1510,1510,1.09227914025437,8.5163132969468,"CMA","Toronto (B)",5902.75,27.6930796667659,0.328986468259388,6.98597115711667,c(7208522.6367, 7215450.17059012, 950456.007300001, 951357.709695032),2.54120946987376
"21","5350411.27","35535",3474.85246190434,1.1353,3945,4203,4225,3715,2767,671,378,277,243,123,1976,0,0.850795483749061,3.92919650322188,3.92919650322188,0,0.850795483749061,3.98793016798785,2,83,83,4.76190476190476,14.0939597315436,277,243.988373117238,3230.8640887871,1986,35,1,0,0,30,660,260,95,20,0,1080,1065,1.3684349528716,8.08050490018801,"CMA","Toronto (B)",5902.75,26.9692695221362,0.270306645357214,6.7751403762936,c(7208856.0793, 7215450.17059012, 949801.918200001, 951357.709695032),2.36744315579528
"22","5350412.19","35535",3261.8963694043,2.837,9254,9559,9641,9465,3574,1131,979,1073,764,446,1976,5.65659255536539,4.90646857482408,2.42634618004369,2.83085271300613,3,4.36850956709215,2.35939111449787,6,199,209,3.07692307692308,6.50826446280992,446,157.208318646458,3104.68805075784,1976,45,0.987012987012987,10,25,30,1370,1120,85,40,15,2695,2695,0.886386496155335,8.0406685225758,"CMA","Toronto (B)",5902.75,28.1269666813374,1.18405098318497,9.7250374806624,c(7201796.6856, 7210597.3375702, 944092.795699999, 939954.573992588),2.97949312466401
"23","5350412.20","35535",4322.80262746325,1.2788,5528,5761,5804,5654,2135,675,584,641,456,266,1976,0,1.60002336646106,1.96654600623623,1.96654600623623,0,1.60002336646106,1.97631178352685,3,128,128,2.78481012658228,7.90378006872852,641,501.251172974664,3821.55145448858,1986,35,1,0,0,45,1075,515,25,10,10,1680,1680,0.67627870760017,8.24841175906661,"CMA","Toronto (B)",5902.75,27.1312891647361,1.20431936442978,8.81259572938075,c(7202416.8031, 7210597.3375702, 943231.874600001, 939954.573992588),2.84845152501921
"24","5350412.24","35535",4668.73429228384,1.8701,8731,8371,8276,5613,3372,1067,923,1013,721,420,1976,1.88404941053041,2.47804172009868,2.02431681497902,2.05685923391484,10,2.69137299915885,1.9779695216771,25,186,216,5.29695024077047,11.0451306413302,420,224.586920485536,4444.1473717983,1976,45,0.995934959349594,0,10,10,575,1420,175,85,185,2460,2460,0.705232268315642,8.39934331218049,"CMA","Toronto (B)",5902.75,25.6148458899381,0.471825489616036,7.41618225985287,c(7207042.2785, 7210597.3375702, 946463.131000001, 939954.573992588),2.74142659613016
"25","5350422.04","35535",4483.78636146876,0.8388,3761,3956,4189,4085,2824,856,801,601,598,657,1976,0,0,2.4780178453303,2.45209922139383,0,NA,2.4780178453303,0,75,77,6.55737704918033,19.533527696793,801,954.935622317597,3528.85073915117,1991,30,1,0,0,35,825,230,35,10,0,1140,1135,0.907458984686388,8.16872752727248,"CMA","Toronto (B)",5902.75,26.8135399196815,0.535727006454993,4.0908178452427,c(7218402.3016, 7215450.17059012, 954189.6195, 951357.709695032),2.33175405305808
"26","5350422.05","35535",4336.61962755332,1.5519,6730,7090,7332,7066,5053,1532,1433,1076,1070,1176,1976,1.15876157445496,1.09388205414363,1.73511317289707,1.72383205163591,22,0.445951581173514,1.84764470882963,28,142,146,11.3496932515337,19.0140845070423,1176,757.780784844384,3578.83884270894,1976,45,0.985037406483791,10,20,55,1540,255,90,25,10,2010,2005,0.551072640606968,8.1827936811713,"CMA","Toronto (B)",5902.75,26.7528414355129,0.473904737793446,3.25734527664504,c(7217508.0338, 7215450.17059012, 953882.6844, 951357.709695032),2.44493056025669
"27","5350424.10","35535",2357.09580619191,2.7326,6441,6495,6135,6084,2811,2001,1858,514,479,454,1976,3.52101339625341,3.62790528380922,2.74996568935303,2.7897326736979,13,3.6813122776867,2.29852643891009,54,160,170,4.47368421052632,8.45528455284553,454,166.142135694943,2190.95367049696,1976,45,0.942257217847769,0,110,330,400,795,80,140,50,1910,1905,1.01158843500175,7.6920921940031,"CMA","Toronto (B)",5902.75,35.5555747676126,0.57306030958347,10.5104461132861,c(7211101.2662, 7215450.17059012, 960926.226199999, 951357.709695032),2.86459688057224
"28","5350451.06","35535",3473.82063245205,1.929,6701,6596,6514,6196,3770,2561,1456,1135,1624,1501,1976,1.50960628264367,2.17362096629821,2.01364758015684,2.09835065038455,7,2.34619336383291,1.91646148515385,40,121,124,3.49344978165939,9.32568149210904,1501,778.123379989632,2695.69725246242,1976,45,0.980952380952381,10,30,165,1145,465,140,100,45,2085,2100,0.69994779395831,7.89941217064593,"CMA","Toronto (B)",5902.75,45.1063563273437,1.19709451757973,20.0566442589028,c(7207763.4758, 7215450.17059012, 969882.927700002, 951357.709695032),2.52161280832386
"29","5350516.22","35535",4069.15052160954,1.6775,6826,6967,7045,7059,6387,3738,1738,1429,215,86,1976,1.16971648907748,1.38682898339268,2.13039293677889,2.13039293677889,1,1.22959554817375,2.1593468951841,4,138,138,6.00461893764434,11.7486338797814,86,51.2667660208644,4017.88375558867,1976,45,0.97680412371134,0,45,235,1360,245,35,20,0,1940,1940,0.75630644006846,8.29851061404265,"CMA","Toronto (B)",5902.75,33.301678423821,0.300505007739969,12.2399197446987,c(7195541.8022, 7207064.60534174, 912678.645599999, 916806.676984719),1.60205920368813
"30","5350516.28","35535",4993.44548831112,0.9154,4571,4820,4808,4763,4641,820,96,122,144,58,1976,0.775723805959418,2.9422008881545,1.6618531519244,1.6618531519244,1,2.94971104247409,1.54974295364647,4,64,64,5.04201680672269,17.4273858921162,58,63.3602796591654,4930.08520865196,1976,45,0.975945017182131,0,35,100,1205,80,15,20,0,1450,1455,0.507933336286775,8.5031115505896,"CMA","Toronto (B)",5902.75,30.6968258770434,0.430466681942545,9.60022710901964,c(7198041.3225, 7207064.60534174, 913528.7619, 916806.676984719),2.10618922203928
"31","5350516.29","35535",6224.66551861174,0.7549,4699,4857,4880,4808,4802,843,98,126,148,59,1976,3.59430189441079,3.59430189441079,1.85166876348924,1.85166876348924,5,NA,1.68824850287099,5,62,62,10.8,17.7033492822967,59,78.156047158564,6146.50947145317,1976,45,0.899653979238754,35,110,200,1005,60,35,0,0,1440,1445,0.616087266820274,8.72363963405686,"CMA","Toronto (B)",5902.75,30.0905166665569,0.406886696780929,9.05823309252979,c(7198416.6997, 7207064.60534174, 914111.2522, 916806.676984719),2.12948732153135
"32","5350516.32","35535",4759.67062428188,1.0444,4971,4951,4939,4930,2968,2722,1266,1040,157,63,1976,0,0,3.15170173105169,3.13353097866781,0,NA,3.15170173105169,0,80,80,6.64556962025316,14.9338374291115,1266,1212.17924166986,3547.49138261203,1991,30,0.975945017182131,10,25,120,1215,30,20,25,10,1455,1455,1.14794253904463,8.17399597988735,"CMA","Toronto (B)",5902.75,33.9776425241104,0.233158934201326,12.6298567235201,c(7194259.9954, 7183004.54313916, 913735.541000001, 919465.119977602),1.44366571852093
"33","5350516.40","35535",4791.73000912131,1.3156,6304,6382,6218,5728,3764,3452,1605,1320,199,80,1976,0,0.575353963853755,1.97165834861543,1.84559918670068,0,0.575353963853755,1.9918686553566,1,87,97,7.71084337349398,15.6534954407295,1320,1003.34448160535,3788.38552751596,1986,35,0.985994397759104,0,25,55,1120,335,165,85,0,1785,1785,0.678874989961505,8.23969522513452,"CMA","Toronto (B)",5902.75,34.4314014559565,0.19677593158404,11.9072399935691,c(7193612.5833, 7183004.54313916, 914056.622200001, 919465.119977602),1.64625519258101
"34","5350516.41","35535",8490.73387694589,0.6745,5727,5734,5059,4778,1390,1027,120,153,181,72,1976,0.869953024519742,0.874511787745856,0.818413170157421,0.816502632076932,4,0.759071188338694,0.816353069645838,7,110,113,12.6934984520124,16.5714285714286,72,106.745737583395,8383.98813936249,1976,45,0.993975903614458,0,10,15,365,790,245,210,25,1665,1660,-0.200387971906486,9.03407899188455,"CMA","Toronto (B)",5902.75,31.3009994828236,0.291956770662675,10.1542211404617,c(7197673.7188, 7207064.60534174, 912944.105700001, 916806.676984719),2.16482079840971
"35","5350516.44","35535",4098.7712295531,1.2777,5237,5438,4965,5057,1271,939,110,140,165,66,1976,0.734341288297257,0.801703502753194,2.24933748480652,2.20385976156989,8,0.810477763717269,2.44938945900496,17,107,108,9.09090909090909,18.5106382978723,66,51.6553181498004,4047.1159114033,1976,45,0.970491803278689,15,30,130,990,135,130,80,15,1525,1525,0.810635721659962,8.30575978578108,"CMA","Toronto (B)",5902.75,30.0310317242882,0.364845278801533,8.79255377466724,c(7199341.0415, 7207064.60534174, 912604.8246, 916806.676984719),2.2074798988428
"36","5350516.50","35535",5019.13753508548,0.7838,3934,4003,3943,3282,954,706,82,105,124,50,1976,0,0,0.825881024740473,0.823901133510828,0,NA,0.825881024740473,0,97,99,8.55855855855856,17.7337110481586,82,104.618525133963,4914.51900995152,1991,30,1,0,0,15,265,635,70,20,15,1030,1020,-0.191304553680069,8.49994916613462,"CMA","Toronto (B)",5902.75,31.9875248138392,0.225839709713133,10.8010291399987,c(7197246.2673, 7207064.60534174, 912305.2918, 916806.676984719),2.00866989636968
"37","5350516.51","35535",4827.8427205101,0.941,4543,4622,4554,3790,1102,815,95,121,143,57,1976,0,0,0.708991475242914,0.692317262849189,0,NA,0.708991475242914,0,93,99,6.40569395017794,13.2497761862131,95,100.956429330499,4726.8862911796,1991,30,0.984,10,10,10,220,845,125,20,10,1255,1250,-0.343911776157113,8.46102197532718,"CMA","Toronto (B)",5902.75,32.6948929115244,0.123649578720674,11.4708219275674,c(7196880.5468, 7207064.60534174, 911527.9738, 916806.676984719),1.87758905467416
"38","5350528.39","35535",1151.84747764468,5.927,6827,6886,6817,6698,2723,1520,1096,255,96,96,1976,0.556864636163458,1.06587547932205,2.07030318161997,2.10768345052245,7,1.29415184068464,2.1406673562196,29,287,297,6.55339805825243,12.7031019202363,96,16.1970642820989,1135.65041336258,1976,45,0.989873417721519,0,20,65,1410,420,45,0,15,1970,1975,0.727695061103104,7.03496081720501,"CMA","Toronto (B)",5902.75,31.2238957656173,0.462361172570373,11.7727112942538,c(7195388.3781, 7207064.60534174, 918310.820799999, 916806.676984719),2.46050360471823
"39","5350528.40","35535",1731.99817414128,3.5052,6071,6198,6000,5503,2431,2555,1383,227,86,85,1976,1.17952177722912,1.5324164795869,2.28649708898922,2.44620258300186,3,1.59477612979453,2.35891978389119,14,165,192,5.86734693877551,10.5610561056106,85,24.2496861805318,1707.74848796074,1976,45,0.973451327433628,30,15,45,605,805,95,70,30,1690,1695,0.827020990985585,7.44293110821309,"CMA","Toronto (B)",5902.75,28.8055709238313,0.493161966798345,9.80626394861947,c(7197593.2457, 7207064.60534174, 919347.574299999, 916806.676984719),2.0860457694041
"40","5350528.49","35535",2716.95517597157,1.7446,4740,4860,4811,3271,1891,1055,761,177,67,67,1976,0.823070094028119,2.3141395374517,1.89030637752736,1.89236234855508,1,2.39898289967398,1.85333814244669,8,85,96,9.66666666666667,12.1900826446281,67,38.4042187320876,2678.55095723948,1976,45,0.983673469387755,10,10,30,285,725,130,25,10,1225,1225,0.636738920445867,7.89303123968345,"CMA","Toronto (B)",5902.75,29.0405748204543,0.647783623336385,10.9428423397629,c(7196904.3285, 7207064.60534174, 920870.489599999, 916806.676984719),2.22502394370615
"41","5350528.50","35535",6191.69562831535,0.5467,3385,3562,3775,3241,1278,753,543,126,48,47,1976,1.33648027992957,4.18306416978576,2.19823304179502,2.1437650232906,0,6.09400002601891,2.07163655417692,2,54,55,22.9773462783171,15.9198113207547,126,230.473751600512,5961.22187671483,1986,35,0.961325966850829,0,35,325,400,65,30,20,30,900,905,0.787653874835766,8.69303075191874,"CMA","Toronto (B)",5902.75,29.8836262789872,0.492744118220453,12.5422810158887,c(7195733.0535, 7207064.60534174, 922182.990400001, 916806.676984719),2.09814080305941
"42","5350572.10","35535",7368.31233216278,0.4841,3567,3598,3819,3268,2851,2290,1562,833,1032,686,1976,0.659843287448956,0.885819438436909,1.96618351151022,1.92003254029171,0,0.845055819565963,2.06541027270852,4,65,72,11.2852664576803,12.1052631578947,833,1720.71885973972,5647.59347242305,1986,35,0.968253968253968,10,20,85,640,110,40,15,25,945,945,0.676094359947781,8.63898479932038,"CMA","Toronto (B)",5902.75,32.3452117535576,0.235060157755865,10.793990375705,c(7192995.1218, 7183004.54313916, 923551.5079, 919465.119977602),2.017079213271
"43","5350573.06","35535",5599.95142093758,0.8234,4611,4598,4682,4664,4431,2838,2260,2515,1329,1114,1976,1.58697437330042,1.57416759137518,1.95717919784947,1.95717919784947,21,1.77130437344321,2.07517891515834,28,104,104,9.6,13.5983263598326,1114,1352.92688851105,4247.02453242652,1976,45,0.979020979020979,0,30,90,1090,200,10,10,0,1430,1430,0.671504251850632,8.35397390670971,"CMA","Toronto (B)",5902.75,34.0584551475624,0.183354105474939,10.8857066883082,c(7190971.4058, 7183004.54313916, 926883.1864, 919465.119977602),2.05154077524586
"44","5350573.10","35535",3938.82879522566,0.8043,3168,3196,3163,3002,1735,1578,1450,822,622,521,1976,0,0,1.54238824301043,1.5981737444307,0,NA,1.54238824301043,0,49,52,6.25,12.3493975903614,1450,1802.80989680467,2136.01889842099,1991,30,0.988023952095808,0,10,20,300,440,40,25,0,840,835,0.433332022315545,7.66669904761631,"CMA","Toronto (B)",5902.75,34.442031216436,0.310324834193164,10.2155891181739,c(7190616.0264, 7183004.54313916, 926278.6054, 919465.119977602),2.08548315725607
"45","5350573.11","35535",7266.3139329806,0.6804,4944,5082,5139,4684,2708,2462,2262,1284,971,814,1976,0,0.74076565752092,1.7269401453851,1.7269401453851,0,0.74076565752092,1.73095166265008,1,75,75,10.0502512562814,15.948275862069,1284,1887.12522045855,5379.18871252205,1986,35,0.984313725490196,0,20,40,440,645,85,45,0,1290,1275,0.546351140419812,8.59029284485584,"CMA","Toronto (B)",5902.75,34.8297230197389,0.277250476311367,9.5883122064748,c(7190262.3513, 7183004.54313916, 925730.896200001, 919465.119977602),2.04261107947871
"46","5350576.16","35535",6462.94416243655,0.985,6366,6468,6667,6266,3017,488,114,97,75,28,1976,0.754909708658292,0.754909708658292,1.65699699150623,1.65699699150623,2,NA,1.66692138719497,2,100,100,10.4854368932039,13.4466769706337,28,28.4263959390863,6434.51776649746,1976,45,0.978193146417445,0,35,130,1230,95,55,25,35,1610,1605,0.50500692281588,8.76943217806091,"CMA","Toronto (B)",5902.75,32.9567893922574,0.349024632684267,16.205360601673,c(7192356.0053, 7183004.54313916, 932700.068700001, 919465.119977602),2.01975361247249
"47","5350576.17","35535",5716.22885318371,1.1763,6724,6767,6902,6397,3187,515,120,103,79,30,1976,0.74076565752092,0.74076565752092,1.7876479484459,1.7876479484459,2,NA,1.79504108927691,2,123,123,12.8712871287129,11.8022328548644,30,25.5036980362153,5690.7251551475,1976,45,0.988023952095808,0,20,85,1230,230,65,15,25,1680,1670,0.580900760522254,8.64659296278701,"CMA","Toronto (B)",5902.75,32.6197187851711,0.355591268192147,16.882220526912,c(7192774.9549, 7183004.54313916, 933232.7786, 919465.119977602),2.16482455590172
"48","5350576.22","35535",4211.5895186425,1.7326,7297,7401,7798,7491,2468,559,130,111,86,33,1976,0,0,1.86940363177554,1.68657144164,0,NA,1.86940363177554,0,145,176,13.2246376811594,12.3188405797101,130,75.031744199469,4136.55777444303,1991,30,0.975206611570248,0,45,145,1305,205,50,45,20,1810,1815,0.625619466513761,8.32761926552002,"CMA","Toronto (B)",5902.75,31.8492337110094,0.497378969412818,17.261754861914,c(7193964.6761, 7210597.3375702, 935336.917300001, 939954.573992588),2.34746450877836
"49","5350576.31","35535",2360.46879949319,1.5785,3726,3786,3598,2175,1727,869,700,633,654,250,1976,1.67909686636098,1.59495745861979,3.16279747545867,3.09433387211859,1,1.36095650471578,3.26143473636618,7,96,101,3.52941176470588,7.52427184466019,250,158.378207158695,2202.09059233449,1976,45,0.969827586206897,15,20,100,540,280,65,125,15,1160,1160,1.1514569130161,7.69716245736937,"CMA","Toronto (B)",5902.75,37.6980686670386,0.517534565293266,12.1367052180693,c(7187394.551, 7183004.54313916, 930780.041299999, 919465.119977602),1.95729860709078
"50","5350576.46","35535",7750.73313782991,0.682,5286,5318,5568,5261,1788,405,94,80,62,24,1976,1.09832555090732,1.10859270160573,1.11449462605627,1.11449462605627,1,0.779053181916455,1.11382111289132,4,116,116,10.8597285067873,12.1212121212121,24,35.1906158357771,7715.54252199413,1976,45,0.973782771535581,0,35,70,970,195,45,10,10,1335,1335,0.108401051989425,8.95099208273891,"CMA","Toronto (B)",5902.75,31.9887035021376,0.406456730293413,17.8505385902158,c(7193626.0968, 7210597.3375702, 934421.155999999, 939954.573992588),2.22315667778968
"51","5350576.68","35535",4450.68890500363,1.1032,4910,5096,4781,3483,280,376,87,75,58,22,1976,0,0,3.32581105541449,3.20620894892987,0,NA,3.32581105541449,0,90,98,6.23306233062331,10.4347826086957,87,78.8614938361131,4371.82741116751,1991,30,1,0,0,0,355,685,110,30,10,1205,1190,1.20171357080305,8.38293637257202,"CMA","Toronto (B)",5902.75,32.9007309811417,0.313492314671725,17.4774563871825,c(7193345.4669, 7210597.3375702, 937155.567000002, 939954.573992588),2.26057380282473
"52","5350612.18","35535",2790.43280182232,1.5804,4410,4379,4301,4288,1271,251,16,182,26,32,1976,1.21545946124845,1.6903954714906,1.36424022336092,1.30018483779534,2,1.60879044520796,1.36485200374915,3,115,126,6.74603174603175,15.7647058823529,32,20.2480384712731,2770.18476335105,1976,45,0.992727272727273,0,10,35,475,710,115,20,10,1375,1375,0.310597660748044,7.92666929852771,"CMA","Toronto (B)",5902.75,37.694563981415,0.939192159014878,6.98138555905193,c(7199464.7067, 7206409.10212501, 900477.790600002, 901195.506773174),2.04260770102453
"53","5350612.19","35535",3936.35827931644,1.0182,4008,4067,3990,3897,1155,228,15,166,24,29,1976,0.74076565752092,0.942504233624178,1.37679511826479,1.37679511826479,1,0.94403965623499,1.39077237798206,4,135,135,7.9646017699115,16.25,29,28.4816342565311,3907.87664505991,1976,45,0.981549815498155,0,25,75,1115,120,20,0,0,1355,1355,0.319758420197684,8.27074944794083,"CMA","Toronto (B)",5902.75,36.8884126121989,0.781707375665552,5.85414263669421,c(7200590.9205, 7206409.10212501, 900547.626699999, 901195.506773174),2.1011907366635
"54","5350612.20","35535",4095.5826351866,1.0504,4302,4403,4388,4183,1239,245,16,178,25,32,1976,0.874247054807885,0.788085253424032,1.33290387840771,1.33290387840771,0,0.748182883724573,1.35606631648364,5,143,143,5.80912863070539,16.3414634146341,178,169.459253617669,3926.12338156893,1986,35,0.992395437262357,10,0,30,900,305,60,10,0,1315,1315,0.287359929375051,8.2754078011304,"CMA","Toronto (B)",5902.75,37.8669859369017,0.254685372019242,6.44434865119738,c(7200159.0542, 7206409.10212501, 899624.987599999, 901195.506773174),2.12367295044028
"55","5350612.26","35535",5653.83250532292,1.1272,6373,4141,4699,4070,3518,2238,1348,264,38,47,1976,0.74076565752092,0.358855488905093,0.528864076705847,0.518054589111275,1,0.358855488905093,0.536499878211871,5,147,158,6.92771084337349,16.7070217917676,47,41.6962384669979,5612.13626685593,1976,45,0.989090909090909,15,15,35,485,380,480,610,730,2750,2750,-0.637023823984844,8.63268672226326,"CMA","Toronto (B)",5902.75,33.8190491828499,0.244436295782342,5.90039334209278,c(7201275.5765, 7206409.10212501, 904104.382199999, 901195.506773174),2.06323460164026
"56","5350631.03","35535",3018.04264625478,1.6461,4968,4827,4667,3579,2552,1408,306,25,-99,-99,1986,0,0,3.10158953403807,3.37062848636071,0,NA,3.10158953403807,0,67,76,0.833333333333333,5.16252390057361,306,185.893931109896,2832.14871514489,1991,30,0.98936170212766,0,15,60,635,260,270,90,80,1410,1410,1.13191473299375,7.9487909658448,"CMA","Toronto (B)",5902.75,42.5154447370179,0.925449226498113,1.23161031835244,c(7183632.7767, 7183004.54313916, 918405.786899999, 919465.119977602),2.56360426387336
"57","5350820.05","35535",2388.91687657431,0.9925,2371,2229,2334,2214,1906,1868,1251,517,522,215,1976,2.13396825447718,3.77875820958468,2.26805959697305,2.72026625240143,1,3.9842224204446,1.55866723770928,13,50,58,8.46153846153846,17.3708920187793,215,216.624685138539,2172.29219143577,1976,45,0.984962406015038,0,10,20,345,130,55,40,65,665,665,0.818924662845239,7.68353819844968,"CMA","Toronto (B)",5902.75,35.8126611682465,0.367157507867732,10.8605296112136,c(7245418.153, 7255472.43018634, 957626.4287, 961732.839991656),2.35188903171501
"58","5370001.02","35537",4152.60795542486,1.2922,5366,5302,5475,5555,5466,5147,3790,3346,2815,1641,1976,1.90446575079508,1.94222152830233,2.18704953732923,2.18704953732923,32,2.05704104341364,2.27939227357144,46,163,163,8.1145584725537,8.88468809073724,1641,1269.92725584275,2882.68069958211,1976,45,0.777158774373259,75,325,660,530,75,70,50,10,1800,1795,0.782553392251655,7.96647593867173,"CMA","Hamilton (B)",1373.15,7.48409062031894,0.520237616469498,7.4846399776097,c(7196935.4639, 7193427.74025864, 869929.8616, 876541.64732326),2.11635622845858
"59","5370001.04","35537",3877.5030829761,1.7029,6603,6305,6223,5866,5322,4786,3465,1007,723,421,1976,2.24707445780551,1.98379100654376,2.34354986616402,2.55302329858636,4,0.845293615986117,2.36432031790797,6,153,168,6.38820638820639,8.07560137457045,421,247.225321510365,3630.27776146573,1976,45,0.905128205128205,55,130,805,510,120,150,110,70,1950,1950,0.851666816653927,8.19706444264164,"CMA","Hamilton (B)",1373.15,5.9694111527829,0.338271826100705,5.96981472137601,c(7194004.7094, 7193427.74025864, 870599.779399998, 876541.64732326),1.99350086070514
"60","5370001.05","35537",3672.87731287473,1.5511,5697,5344,4695,3719,3283,2255,1380,869,624,364,1976,1.83898355776296,1.72357623692073,3.48996495618856,3.87231579544539,7,1.65293530850339,3.9382274546215,27,122,134,4.65116279069767,11.5555555555556,364,234.67216813874,3438.20514473599,1976,45,0.914529914529915,55,95,320,450,230,270,230,105,1755,1755,1.24989169495721,8.14270485395203,"CMA","Hamilton (B)",1373.15,5.02020818094449,0.565049249127218,5.02063178699049,c(7194133.3004, 7193427.74025864, 871570.839699998, 876541.64732326),1.97791475024282
"61","5370001.08","35537",4106.08557651224,1.6383,6727,6556,6125,5891,4738,3444,1905,1026,737,429,1976,2.74129742544368,3.18644286648185,2.70055710195053,2.76356496949734,25,4.06033034470309,2.52288267737845,39,168,175,6.98602794411178,8.9644513137558,429,261.856802783373,3844.22877372886,1976,45,0.865566037735849,85,200,490,755,150,155,230,55,2130,2120,0.99345808578209,8.25432828281689,"CMA","Hamilton (B)",1373.15,6.58530640257162,0.414003395083801,6.58581424668056,c(7195709.0871, 7193427.74025864, 870363.5889, 876541.64732326),2.0700873967451
"62","5370001.09","35537",2381.33915427179,1.9699,4691,4566,4445,4007,3303,2402,1329,715,514,299,1976,0.560679703614052,1.60743018154472,3.31773569468222,3.83243115910609,5,1.9574665024817,3.59095369065555,14,102,114,5.50724637681159,9.97679814385151,299,151.784354535763,2229.55479973603,1976,45,0.873239436619718,80,100,140,460,405,120,65,50,1415,1420,1.19928253057315,7.70955720314919,"CMA","Hamilton (B)",1373.15,6.97802837033686,0.366866614931645,6.97847174616236,c(7194721.673, 7193427.74025864, 869684.183800001, 876541.64732326),2.04277954731303
"63","5370133.01","35537",787.403498485293,4.0932,3223,3444,3601,3096,2911,2525,2192,1819,1823,1645,1976,3.88174843413673,3.99668150109204,3.73025231020481,3.72677227682146,9,4.04197175472647,3.734456396019,18,84,87,3.31491712707182,6.4327485380117,1645,401.886054920356,385.517443564937,1976,45,0.920502092050209,20,75,280,575,95,110,30,10,1190,1195,1.31647587485455,5.95458644117536,"CMA","Hamilton (B)",1373.15,10.2871989704273,1.73659841302902,10.286762305414,c(7183270.0019, 7193427.74025864, 874917.5075, 876541.64732326),2.96593090107749
"64","5370140.06","35537",2693.59723123513,1.8492,4981,4424,3584,3149,3328,2428,1626,1357,1171,1047,1976,1.59979874092288,1.35923114109162,1.94227430967783,1.91615042940935,9,0.746052682458765,2.01330291619708,13,111,118,1.14613180515759,2.59574468085106,1047,566.190785204413,2127.40644603072,1976,45,0.926380368098159,60,60,295,990,125,50,25,25,1630,1630,0.663859611015569,7.66265888581707,"CMA","Hamilton (B)",1373.15,8.60045954612782,0.311631657588049,8.59988998636365,c(7188800.7494, 7193427.74025864, 883790.720600002, 876541.64732326),3.03909066336172
"65","5370223.10","35537",3681.93811465579,1.2507,4605,4579,4468,4225,2167,1170,721,396,678,489,1976,0,2.85303209266149,2.41880101167078,2.37681653032073,0,2.85303209266149,2.4118749732121,0,117,123,2.83687943262411,9.89247311827957,721,576.477172783241,3105.46094187255,1991,30,0.993610223642173,0,10,25,815,530,165,20,0,1575,1565,0.883271967670007,8.04091743483849,"CMA","Hamilton (B)",1373.15,17.8511208311242,0.18839434530727,8.45293939591549,c(7196664.2944, 7197456.13148381, 894096.6446, 885680.87497009),2.18108304448902
"66","5370223.13","35537",2407.76378732061,1.8187,4379,4480,4439,4202,2060,1113,686,376,644,465,1976,1.27809177550913,2.66051312080686,2.53897687974431,2.52535802357678,8,3.77411381421597,2.50566865431844,16,128,132,3.82978723404255,8.55106888361045,465,255.677132017375,2152.08665530324,1976,45,0.962382445141066,15,45,295,660,445,90,35,10,1600,1595,0.931761196633152,7.67419318780519,"CMA","Hamilton (B)",1373.15,16.7869417341946,0.254057343508616,7.45183124391119,c(7196417.4039, 7197456.13148381, 893059.955800001, 885680.87497009),2.28194414908864
"67","5370223.15","35537",3334.69610248024,0.7338,2447,2365,2375,2348,1151,622,383,210,360,260,1976,0,0.482819888496406,1.66029398837529,1.82681976778342,0,0.482819888496406,1.69600193671782,1,73,77,2.53164556962025,9.66386554621849,210,286.181520850368,3048.51458162987,1986,35,1,0,0,50,525,215,50,35,0,875,875,0.506994688118744,8.02240972855109,"CMA","Hamilton (B)",1373.15,15.8600419485675,0.223713411535817,6.8801933633846,c(7195472.7775, 7197456.13148381, 892268.998199999, 885680.87497009),2.19270559587949
"68","5370223.16","35537",3544.21651439407,0.5801,2056,2102,2066,1973,967,522,322,176,302,218,1976,0.74076565752092,1.33240509552564,1.51929647496226,1.51929647496226,1,1.33240509552564,1.53503734404484,5,48,48,3.05343511450382,7.53138075313808,218,375.797276331667,3168.4192380624,1976,45,0.974358974358974,0,20,260,465,35,0,0,0,790,780,0.418247382292616,8.06098807942575,"CMA","Hamilton (B)",1373.15,15.4863544219463,0.186318239269623,6.76926269163997,c(7194917.0706, 7197456.13148381, 891955.911800001, 885680.87497009),2.16967947429705
"69","5390209.06","35539",1677.53100663398,1.7335,2908,2973,2916,2964,2589,2054,1379,721,682,413,1976,2.13295527521822,2.81204769309953,4.23721732354081,4.24183178451216,13,3.42521387928246,4.87478242834984,32,78,78,0,0,413,238.246322468993,1439.28468416498,1976,45,0.9375,10,65,285,575,100,55,100,10,1195,1200,1.44390676217252,7.27190152204268,"CMA","St. Catharines - Niagara (B)",1397.09,5.49606561990674,0.269847430757833,4.50567601608364,c(7257500.0827, 7262005.73523432, 873316.1851, 873301.638557328),3.1682021502385
"70","5410108.04","35541",3749.10445622582,1.3958,5233,5385,5451,4157,3046,1580,1114,590,198,218,1976,0,0,2.29150261011248,2.1621511084635,0,NA,2.29150261011248,0,123,142,0.898203592814371,3.60531309297913,1114,798.108611548933,2950.99584467689,1991,30,0.988059701492537,10,10,25,720,745,145,20,0,1675,1675,0.829207764007407,7.98989796683517,"CMA","Kitchener - Cambridge - Waterloo (B)",1092.33,6.71120480565748,0.885973801987286,6.71110522898204,c(7136757.8613, 7139039.8211194, 895236.237300001, 888925.009782543),2.08939303257365
"71","5410109.10","35541",2230.90496596925,1.5868,3540,3553,2990,2202,989,1016,666,654,165,45,1976,1.47822985189763,3.51318404497969,3.1869200836415,3.09665210537869,2,3.8124095781103,3.13526750605292,16,116,120,3.06748466257669,4.42477876106195,45,28.3589614318125,2202.54600453743,1976,45,0.986046511627907,0,15,110,765,140,45,0,0,1085,1075,1.1590549593886,7.69736924500987,"CMA","Kitchener - Cambridge - Waterloo (B)",1092.33,7.64149384247958,1.01424653379563,7.64128712074658,c(7131437.1351, 7139039.8211194, 889692.104400001, 888925.009782543),1.93337808853085
"72","5410126.10","35541",3605.39913529474,0.9483,3419,3447,3383,3381,3200,1593,825,196,71,61,1976,0.806599300601191,0.826527514114818,2.50179483622262,2.50179483622262,6,0.851487955515578,2.71374242645718,10,92,92,2.18340611353712,5.97014925373134,61,64.3256353474639,3541.07349994727,1976,45,0.933014354066986,10,60,485,435,40,15,0,0,1050,1045,0.917008408771521,8.17218520872994,"CMA","Kitchener - Cambridge - Waterloo (B)",1092.33,17.7816746171277,0.391976859007094,3.53497626374445,c(7156306.0307, 7155213.13835749, 884673.7401, 881311.94838829),2.12218686396183
"73","5410126.11","35541",1203.15527262663,3.613,4347,4382,4301,4299,4069,2025,1049,250,90,78,1976,3.26113550343057,3.15357787107019,2.86673572209841,2.98066535488507,8,3.18375836739996,2.90617306385067,16,127,131,0.60790273556231,1.64430982258762,78,21.5887074453363,1181.56656518129,1976,45,0.916058394160584,20,95,245,630,165,70,100,45,1365,1370,1.05317400340531,7.07459643459246,"CMA","Kitchener - Cambridge - Waterloo (B)",1092.33,19.0752949607347,0.725632500948025,3.8873731279111,c(7157571.4097, 7155213.13835749, 884402.292399999, 881311.94838829),2.19709929834229
"74","5500009.06","35550",2676.69258920403,1.7488,4681,4428,4527,4465,4060,3343,2672,1577,1117,554,1976,2.19041185382264,1.96641595760782,2.29420677638696,2.24851552297858,7,1.91204064227505,2.39455921761683,21,103,105,2.05128205128205,3.7037037037037,554,316.788655077768,2359.90393412626,1976,45,0.923841059602649,10,105,225,555,345,95,30,145,1520,1510,0.83038715256434,7.76637619131245,"CMA","Guelph (B)",595.08,2.9312363453817,0.869380497693998,2.92606313622084,c(7155421.7572, 7156908.90414101, 900633.257199999, 903153.225345235),1.84017283648279
"75","5550027.06","35555",2642.46575342466,1.46,3858,3884,4169,3877,3587,2829,1938,1652,1579,1491,1976,2.11074115340247,2.63084184611081,2.67200184791335,2.6259094384493,19,3.07978155538906,2.69387313939268,44,101,103,1.52439024390244,5.85585585585586,1491,1021.23287671233,1621.23287671233,1976,45,0.922509225092251,35,70,335,795,85,25,0,10,1355,1355,0.9828279472585,7.39094217379374,"CMA","London (B)",2661.48,8.32206360112591,0.385737697059184,8.321661236841,c(7093861.2793, 7085895.27890191, 827905.039999999, 825498.19904173),2.29767501580235
"76","5590002.02","35559",2494.82440621824,2.6567,6628,6611,6485,6115,3294,1376,1027,1091,1161,1236,1976,0.778845310771043,1.27005958011338,3.64979565354703,3.60470232437103,7,1.50090506042295,3.89419750364035,13,145,163,0.537634408602151,1.47368421052632,1236,465.238830127602,2029.58557609064,1976,45,0.944711538461538,65,50,45,1095,635,105,65,20,2090,2080,1.29467118069758,7.6155869014854,"CMA","Windsor (B)",1803.17,9.6135125065897,0.108721826599468,9.61116709213706,c(6953747.6647, 6948800.81417145, 719400.773200002, 727641.113163934),2.31691338832877
"77","5590101.03","35559",1287.57716331227,2.7377,3525,3177,3216,3201,2820,2064,1750,1123,981,973,1976,1.66990003520399,2.95892024983283,3.6918335187975,3.70531645346135,9,3.39371955627159,4.06372613580021,38,119,125,0,1.32013201320132,973,355.407824085912,932.169339226358,1976,45,0.770428015564202,95,200,190,480,80,55,10,175,1290,1285,1.3061232232072,6.83751449263004,"CMA","Windsor (B)",1803.17,9.26340501921812,0.207184822846809,9.26115738441667,c(6945636.6454, 6948800.81417145, 718937.259300001, 727641.113163934),3.00531402753396
"78","5680004.01","35568",2835.61725099365,1.6857,4780,4757,4783,4838,3178,1140,-99,-99,-99,-99,1996,0,2.08650994193645,2.43935544315424,2.39884141307285,0,2.08650994193645,2.44949420373611,5,93,96,1.93704600484262,3.515625,1140,676.276917600997,2159.34033339266,1996,25,0.963302752293578,15,45,105,1145,230,80,15,0,1640,1635,0.891733841766309,7.67755805282666,"CMA","Barrie (B)",897.26,7.42890210787735,0.740013163870874,7.42299091862218,c(7182340.113, 7184049.31618844, 998209.9102, 1005433.44248266),2.24574688528817
"79","5680004.03","35568",2330.01079296553,1.5751,3670,3663,3593,3631,2440,875,-99,-99,-99,-99,1996,0.74076565752092,0.74076565752092,1.56656545254034,1.51031067603713,1,NA,1.56869881489047,1,91,112,3.47003154574132,4.56852791878173,875,555.520284426386,1774.49050853914,1996,25,0.955465587044534,15,40,120,845,150,40,15,10,1230,1235,0.448885613199443,7.48126862326365,"CMA","Barrie (B)",897.26,6.1196146255579,0.319796729375653,6.16198027703657,c(7183517.6129, 7184049.31618844, 999294.444800001, 1005433.44248266),2.26381794006491
"80","5680004.04","35568",2535.87501061391,2.3554,5973,5599,5539,5299,3972,1425,-99,-99,-99,-99,1996,3.25477907970364,3.21289423691308,2.54974301020638,2.46742292902638,15,3.21765380153751,2.28283026028422,33,120,131,2.54237288135593,4.23728813559322,1425,604.992782542243,1930.88222807167,1996,25,0.939597315436242,30,105,395,955,395,155,75,125,2255,2235,0.935992573780436,7.56573229044512,"CMA","Barrie (B)",897.26,4.33213356130021,1.36519682474282,4.33453993621649,c(7183223.9246, 7184049.31618844, 1001178.2145, 1005433.44248266),1.99117355781077
"81","5680004.07","35568",4012.44859397577,0.8997,3610,3546,3001,2816,2400,861,-99,-99,-99,-99,1996,0,0,2.08780581977952,1.96992975414584,0,NA,2.08780581977952,0,67,85,2.8673835125448,5.94900849858357,861,956.985661887296,3055.46293208847,1996,25,0.962962962962963,15,30,85,570,230,125,120,40,1205,1215,0.736113667505906,8.02468639272431,"CMA","Barrie (B)",897.26,5.35686197766359,0.250524390670186,5.39103624302909,c(7183476.5128, 7184049.31618844, 1000072.9231, 1005433.44248266),2.12379831133649
"82","8250001.30","48825",3358.60215053763,1.86,6247,6605,6517,2901,3474,3403,1806,607,679,335,1981,1.00322534192162,1.00322534192162,3.04363546754282,2.99611106655996,1,NA,3.05029691675702,1,175,183,9.63114754098361,22.1350078492936,679,365.05376344086,2993.54838709677,1981,40,0.99002493765586,0,20,115,1380,405,70,0,15,2015,2005,1.11305267840742,8.00421471428915,"CMA","Calgary (B)",5098.68,16.7573608175872,0.677612032629492,16.5825378345344,c(4679114.6928, 4686772.51664074, 1907723.309, 1922431.75198551),3.03484106393083
"83","8250001.40","48825",5754.84213319183,0.3769,2169,1689,1230,1007,1206,1181,627,210,235,116,1981,0.895246570497428,0.803923208079699,2.81836249108082,2.63501899092834,2,0.763537910131604,2.86933500421623,4,49,52,25.974025974026,56.9284064665127,235,623.50756168745,5131.33457150438,1981,40,0.981308411214953,10,10,70,455,410,80,35,0,1070,1070,1.03615603937019,8.54312105472229,"CMA","Calgary (B)",5098.68,16.7525670021735,0.865624702054892,16.5038067015467,c(4680029.1424, 4686772.51664074, 1907368.4675, 1922431.75198551),2.92273384607337
"84","8250002.06","48825",1795.59306141585,2.133,3830,4080,4190,4299,4395,1546,806,105,71,40,1976,4.1534764148727,3.56444185510831,3.40972965499749,3.3894058290077,32,3.14261346680828,3.265354165805,79,156,158,2.19298245614035,10.5670103092784,40,18.7529301453352,1776.84013127051,1976,45,0.97153024911032,0,40,420,935,0,10,0,0,1425,1405,1.22663300809321,7.48259185858726,"CMA","Calgary (B)",5098.68,12.8797519990337,0.773697212831167,12.1815308434695,c(4686251.7816, 4686772.51664074, 1910261.3564, 1922431.75198551),2.96427971221313
"85","8250002.09","48825",3247.64890282132,1.1165,3626,3761,3765,3823,3622,1463,763,100,67,38,1976,0,1.66698717965703,2.76750948158104,2.7545322919498,0,1.66698717965703,2.8090253496483,0,95,101,4.04040404040404,9.33014354066986,763,683.385579937304,2564.26332288401,1991,30,0.985185185185185,0,20,70,1110,120,15,15,0,1355,1350,1.01794781164033,7.84942651280004,"CMA","Calgary (B)",5098.68,14.9293169468971,0.932389088828135,14.181084482657,c(4686945.362, 4686772.51664074, 1908251.7209, 1922431.75198551),3.59953681461059
"86","8250002.11","48825",1605.83631104305,2.3508,3775,4102,4186,4358,4503,324,154,104,70,40,1981,0,4.57565114262541,3.66411017487405,3.62770621176056,0,4.57565114262541,3.64356678254736,0,113,115,3.03030303030303,6.48379052369077,154,65.5096137485111,1540.32669729454,1991,30,0.992125984251969,0,10,180,1055,15,10,0,0,1270,1270,1.2985855159215,7.33974981400928,"CMA","Calgary (B)",5098.68,16.7562740335158,2.12653928144996,16.1345321691757,c(4685097.7866, 4686772.51664074, 1906384.3719, 1922431.75198551),3.25157423874801
"87","8250002.12","48825",3357.01598579041,0.563,1890,1978,2025,2166,2110,162,77,52,35,20,1981,0,2.22118683750104,3.53133392527609,3.53133392527609,0,2.22118683750104,3.56344114305346,1,67,67,3.30578512396694,8.21256038647343,52,92.3623445825933,3264.65364120782,1986,35,0.984615384615385,0,10,20,600,20,0,0,0,645,650,1.26167568208006,8.09090895375808,"CMA","Calgary (B)",5098.68,15.7012368238908,0.845998706930715,14.9793064067599,c(4686595.2763, 4686772.51664074, 1907453.4942, 1922431.75198551),3.50318893737156
"88","8250002.15","48825",1367.19874604139,3.1261,4274,4429,4562,3546,3437,1725,899,118,79,45,1976,3.61498131656506,4.00594750270001,3.85557393729797,3.76409146990172,20,4.15278580575841,3.78562034217375,56,195,209,2.98507462686567,8.43091334894614,45,14.3949329835898,1352.8038130578,1976,45,0.976897689768977,0,35,300,1135,25,10,10,0,1515,1515,1.34951987720413,7.20993461622159,"CMA","Calgary (B)",5098.68,12.566748083315,0.745743484170865,11.7851318171769,c(4687230.3019, 4686772.51664074, 1910655.5147, 1922431.75198551),3.08904268577085
"89","8250002.17","48825",3195.79800025313,0.7901,2525,2702,2641,540,96,217,103,69,47,26,1981,2.7181942289037,2.7181942289037,2.64674019181868,2.52375474835631,1,0.74076565752092,2.63859415509736,2,136,158,4.14201183431953,9.52380952380952,47,59.4861409948108,3136.31185925832,1981,40,0.985074626865672,0,15,15,550,285,100,20,20,995,1005,0.973328766489205,8.05080282144254,"CMA","Calgary (B)",5098.68,16.6729720878407,0.277171723500661,15.8953587089381,c(4687495.8063, 4686772.51664074, 1906552.8578, 1922431.75198551),3.74811445364789
"90","8250017.04","48825",2159.98851069941,2.0889,4512,4681,4634,4212,4392,2744,1856,1165,1940,1338,1976,0.938837887880472,0.996479358775718,3.10925544134032,3.03901319998663,9,1.06529353852331,3.28754110762931,17,194,208,5.46875,17.4940898345154,1338,640.528507827086,1519.46000287233,1976,45,0.976377952755906,15,30,170,1485,140,25,20,20,1905,1905,1.13438328959933,7.32611028945188,"CMA","Calgary (B)",5098.68,8.41059470539274,0.920703859451694,9.41642963305894,c(4677362.9532, 4686772.51664074, 1922072.2205, 1922431.75198551),2.37539979154914
"91","8250017.06","48825",3157.38732224632,1.6596,5240,5487,5868,5622,4367,3187,2156,1353,2253,1554,1976,3.79008637564611,3.07041057807545,3.02760523862899,3.00042871289202,14,2.8536638914431,3.00523039342038,48,176,210,6.52173913043478,17.5925925925926,1554,936.370209689082,2221.01711255724,1976,45,0.967213114754098,20,40,395,935,400,30,10,0,1830,1830,1.10777195674236,7.70572052875319,"CMA","Calgary (B)",5098.68,7.62255468944639,1.50308075075186,8.76227332697751,c(4678109.0756, 4686772.51664074, 1923744.087, 1922431.75198551),2.39387550168629
"92","8250038.24","48825",2259.58357657132,2.5695,5806,6174,5835,5767,5750,4583,3093,357,-99,-99,1986,0,0.74076565752092,2.21361629473987,2.42188183512843,0,0.74076565752092,2.23015440900109,2,160,162,7.59493670886076,16.4473684210526,357,138.937536485698,2120.64604008562,1986,35,0.947040498442368,10,75,190,1225,85,20,0,0,1630,1605,0.79462751065786,7.65947605713295,"CMA","Calgary (B)",5098.68,11.1926711689201,0.251600143979955,10.1917295703545,c(4696884.8887, 4686772.51664074, 1923701.1152, 1922431.75198551),2.43255405032799
"93","8250038.27","48825",3531.37351778656,1.6192,5718,5908,5797,6037,5529,764,522,461,-99,-99,1986,0,0.436068976966667,3.66691653412324,3.66691653412324,0,0.436068976966667,3.70851403881797,1,147,147,6.20842572062084,14.5547945205479,461,284.708498023715,3246.66501976285,1986,35,0.983443708609272,10,15,65,1110,265,35,0,10,1510,1510,1.29935112747842,8.08538360070844,"CMA","Calgary (B)",5098.68,11.6932630739731,0.191762476138577,10.8108172116039,c(4697199.0443, 4686772.51664074, 1925288.5491, 1922431.75198551),2.46321763204187
"94","8250038.48","48825",6510.1249461439,0.6963,4533,4675,4038,3227,2232,605,414,366,940,308,1976,0,0.74076565752092,2.56452138457722,2.46480949073896,0,0.74076565752092,2.57008989431446,2,126,136,11.2600536193029,17.0356981473113,366,525.635501938819,5984.48944420508,1986,35,0.939516129032258,10,65,70,740,265,45,30,15,1240,1240,0.941771866505039,8.69692630845609,"CMA","Calgary (B)",5098.68,10.6506145032065,0.231804497352632,10.0443707027534,c(4695335.4713, 4686772.51664074, 1927682.0082, 1922431.75198551),2.41402025973473
"95","8250049.05","48825",2004.13421786367,2.0802,4169,4283,4260,4101,4119,3289,2633,2134,1934,1216,1976,4.26293082304413,3.54605585307397,3.81485253357597,3.77089760184028,13,3.34352754465759,3.97458671382843,63,145,148,10.2362204724409,16.2124060150376,1216,584.559177002211,1419.57504086146,1976,45,0.926952141057935,35,110,595,990,145,30,20,60,1980,1985,1.33890200961867,7.25811283880703,"CMA","Calgary (B)",5098.68,7.5705191758429,3.16511435308988,8.8442590812167,c(4679317.9525, 4686772.51664074, 1927190.9948, 1922431.75198551),2.40664299157304
"96","8250076.19","48825",2087.82208782209,1.5873,3314,3471,3565,1084,389,410,229,301,439,0,1981,1.62374700341867,2.03414784952291,2.85262770008355,2.93432533383583,10,5.87790656278074,2.94470751198743,12,99,115,4.29184549356223,8.87573964497041,439,276.570276570277,1811.25181125181,1981,40,1,0,0,10,575,360,25,20,0,1000,990,1.04824056952893,7.50177349363539,"CMA","Calgary (B)",5098.68,11.1655785999857,2.21382193871782,11.6241178801544,c(4688622.7882, 4686772.51664074, 1933907.6664, 1922431.75198551),3.26046282142894
"97","8250076.20","48825",2034.06593406593,1.82,3702,3872,3695,1211,435,459,256,336,490,0,1981,1.86858603629474,2.67402381189229,1.98453274831248,1.98661387742669,6,3.31242020734055,1.93039799876086,14,190,218,8.84615384615385,15.7384987893462,490,269.230769230769,1764.83516483516,1981,40,0.975,15,20,50,1140,120,45,10,0,1405,1400,0.68538349515193,7.47581257397795,"CMA","Calgary (B)",5098.68,10.4145501626447,1.267151205553,10.8093896349702,c(4689004.913, 4686772.51664074, 1933008.1082, 1922431.75198551),2.92418392721124
"98","8250076.24","48825",3663.60367558929,1.5018,5502,5666,5411,3814,1840,682,381,500,728,0,1981,0,3.37991962872391,2.48337113137927,2.42594062628852,0,3.37991962872391,2.40770127875094,12,192,197,6.93512304250559,12.4006359300477,500,332.933812758024,3330.66986283127,1986,35,0.961325966850829,10,60,75,1435,200,15,15,0,1815,1810,0.909616964297164,8.11092872275392,"CMA","Calgary (B)",5098.68,12.3391007042242,1.2003510058354,12.5015506075051,c(4691654.0913, 4686772.51664074, 1933940.8352, 1922431.75198551),2.72696950677057
"99","8250076.34","48825",4406.2806673209,0.8152,3592,3457,3378,3351,3372,445,249,326,475,0,1981,2.60756164917187,2.12921968191005,2.10674085795072,2.10125088094309,23,1.06433745065036,2.06539176413581,40,137,140,5.41516245487365,12.5745257452575,475,582.679097154073,3823.60157016683,1981,40,0.964705882352941,10,35,155,1015,40,20,0,0,1270,1275,0.745142136252209,8.24894807684096,"CMA","Calgary (B)",5098.68,10.9677926318287,0.790955307716706,11.2326448572405,c(4690246.9851, 4686772.51664074, 1933113.5299, 1922431.75198551),2.87957836978072
"100","8250077.16","48825",2491.89495866429,2.4676,6149,6532,6716,7072,6650,1453,895,1634,1373,656,1981,2.91358484693144,3.25627052592408,3.63426658905373,3.62894409569387,43,3.52927524606696,3.82868705147145,89,235,239,5.74324324324324,16.1172161172161,1373,556.411087696547,1935.48387096774,1981,40,0.98034398034398,0,40,455,1320,205,0,15,0,2045,2035,1.29040732695685,7.56811263671909,"CMA","Calgary (B)",5098.68,10.3846613349567,1.77665781140795,11.2263083809594,c(4684702.4064, 4686772.51664074, 1933465.5475, 1922431.75198551),2.93253729624098
"101","8250077.20","48825",2701.20355834642,1.911,5162,5432,5405,5365,5738,3614,2040,1372,1153,551,1981,0,0.996842719037024,3.71037567252732,3.73338621791609,0,0.996842719037024,3.73913897624716,1,172,173,4.46650124069479,12.3214285714286,1372,717.948717948718,1983.2548403977,1986,35,0.967455621301775,10,45,85,1485,40,25,0,0,1695,1690,1.31113313093428,7.59249463281834,"CMA","Calgary (B)",5098.68,11.6175753099368,1.0199256062156,12.3340121050259,c(4686021.5984, 4686772.51664074, 1934742.8842, 1922431.75198551),2.87986878650889
"102","8250077.22","48825",2784.92953057374,1.8022,5019,5257,5243,5340,4025,1764,769,1055,1121,536,1976,0.74076565752092,1.58630773072429,2.9735644824121,2.95985925762177,3,1.58805833129654,3.09831113665778,14,156,156,4.19354838709677,15.866388308977,536,297.41427144601,2487.51525912773,1976,45,0.981927710843373,0,30,65,1230,275,50,10,0,1670,1660,1.08976139562371,7.81903960333664,"CMA","Calgary (B)",5098.68,12.8639161416729,0.972199865061932,13.9262649975576,c(4680938.3843, 4686772.51664074, 1935077.0577, 1922431.75198551),3.08015248959654
"103","8250077.23","48825",2346.90074945137,2.4151,5668,5719,5658,5591,3859,1339,825,503,-99,-99,1986,0,2.02438470143335,3.38322203287647,3.37217157793731,0,2.02438470143335,3.43220548490459,4,159,170,8.93719806763285,16.887417218543,503,208.272949360275,2138.62780009109,1986,35,0.992307692307692,0,15,30,830,915,130,15,15,1950,1950,1.21882851959182,7.66791968743899,"CMA","Calgary (B)",5098.68,13.4875113972712,0.583451741118912,14.4720433382325,c(4682054.8409, 4686772.51664074, 1936113.2568, 1922431.75198551),3.26082065203095
"104","8250077.24","48825",3275.226039783,1.3825,4528,4728,4659,4466,3083,1591,694,951,1011,483,1976,0,0.74076565752092,2.95878535790262,2.93594795509758,0,0.74076565752092,2.97380389255534,1,125,128,5.66666666666667,14.8387096774194,951,687.884267631103,2587.3417721519,1986,35,0.970394736842105,0,45,85,1300,70,10,10,0,1510,1520,1.0847788320586,7.85838628484466,"CMA","Calgary (B)",5098.68,12.5271382761119,0.736755976454369,13.4865710948892,c(4682725.3434, 4686772.51664074, 1935296.7428, 1922431.75198551),3.19625295601399
"105","8250077.32","48825",2382.62498536471,1.7082,4070,4304,4381,1194,733,961,592,1082,909,434,1981,0,2.8952378251138,4.19387653525508,4.11109765171105,0,2.8952378251138,4.21100735051619,2,111,118,3.3195020746888,14.1274238227147,1082,633.415290949538,1749.20969441517,1986,35,0.985185185185185,10,10,50,1015,215,40,0,10,1350,1350,1.43362549362368,7.4669193617228,"CMA","Calgary (B)",5098.68,11.5522931945805,1.54542906985433,12.3685811262253,c(4684850.518, 4686772.51664074, 1934650.0874, 1922431.75198551),2.88549883175492
"106","8250205.05","48825",2057.09304859447,1.8356,3776,3054,2334,2039,2963,1864,1322,-99,-99,-99,1991,3.59158690907525,3.03343916145578,3.47984602238425,3.48625893471073,23,2.45197951726235,3.62621639875364,46,158,164,0.778210116731518,8.29875518672199,1322,720.200479407278,1336.89256918719,1991,30,0.964980544747082,10,35,130,875,80,80,55,20,1270,1285,1.24698804636617,7.19810322173232,"CMA","Calgary (B)",5098.68,33.5856592920527,0.760478871293655,34.8175224644711,c(4663338.66, 4686772.51664074, 1948182.7565, 1922431.75198551),4.92218970802209
"107","8350005.12","48835",2434.23401975955,0.8401,2045,2156,4888,4538,2686,1867,1512,372,444,370,1976,3.03217150241884,2.87162123946947,2.76759450368232,2.76759450368232,14,2.70168521079353,2.72479383916164,31,95,95,1.86915887850467,6.4087061668682,370,440.4237590763,1993.81026068325,1976,45,0.961038961038961,10,20,100,450,165,10,15,0,755,770,1.01797853268966,7.5978027908705,"CMA","Edmonton (B)",9416.19,10.1494472685894,0.603588187173174,10.3478686643335,c(4806297.6684, 4815093.43298155, 2162201.2823, 2167652.23738331),3.23287332164795
"108","8350090.22","48835",3565.35781064083,1.1766,4195,4224,4310,4242,4215,3529,1609,1102,970,270,1976,3.30340826253236,2.58754260365765,2.9781168527867,2.94856296765653,15,2.28694480110385,3.09754631427331,41,144,146,8.35734870317003,10.8173076923077,270,229.474757776645,3335.88305286418,1976,45,0.96085409252669,10,45,130,1025,40,15,30,110,1395,1405,1.09129117217121,8.11249270676829,"CMA","Edmonton (B)",9416.19,8.84036017247842,0.390529227301264,8.07418933925982,c(4818074.9052, 4815093.43298155, 2160148.6811, 2167652.23738331),2.14694431274378
"109","8350104.25","48835",1421.10384467425,4.4191,6280,6457,6588,2423,510,295,157,160,154,99,1976,3.92003549467337,3.85077550519525,4.94100487500022,4.9178336326148,12,3.84174491284786,5.25479827986896,64,250,250,7.69230769230769,12.1069182389937,99,22.4027516915209,1398.70109298273,1976,45,0.973568281938326,10,50,330,1615,170,40,10,45,2265,2270,1.59756872650555,7.24329929421252,"CMA","Edmonton (B)",9416.19,11.2950141790706,1.07712686513564,11.1459602658321,c(4808814.9416, 4815093.43298155, 2158442.8413, 2167652.23738331),2.88404438210899
"110","9150018.01","59915",918.768343033378,2.0103,1847,1664,1651,1558,1546,1509,1275,918,779,0,1981,5.32883579325477,4.32917170770704,4.51047889716983,4.46429045367491,19,3.35024466167895,4.68791484396242,29,61,62,2,2.77777777777778,779,387.504352584191,531.263990449187,1981,40,0.772486772486772,20,195,370,280,0,10,45,25,940,945,1.50640333350253,6.27525905485504,"CMA","Kelowna (B)",2902.45,14.7531704339443,1.46682103278931,14.9045905863234,c(4294927.897, 4282947.79660888, 1959864.7437, 1950997.72530797),4.47994975390733
"111","9150019.04","59915",3165.11811501791,1.6467,5212,4490,4483,4130,3815,2192,1097,802,753,0,1981,2.86829399920436,3.02663109843545,3.78949514445915,3.77020089721462,19,3.34669413858915,3.91267243478206,25,217,228,3.19634703196347,3.36842105263158,753,457.278192749135,2707.83992226878,1981,40,0.91304347826087,15,155,195,950,155,135,60,290,1965,1955,1.33223280295474,7.90390651938566,"CMA","Kelowna (B)",2902.45,4.83659404127796,4.52157254449526,5.25563980172998,c(4287967.5591, 4282947.79660888, 1952554.56, 1950997.72530797),2.32372721687134
"112","9300018.01","59930",1168.57078005599,2.6434,3089,2358,2185,1807,-99,-99,-99,-99,-99,-99,2006,1.37948147590437,2.68999492362995,4.37144129985045,4.65553698761734,0,2.81635683426447,4.92763954998971,17,69,76,3.1496062992126,4.59770114942529,1807,683.589316788984,484.981463267005,2006,15,0.935185185185185,35,70,70,305,125,325,255,435,1625,1620,1.47509277162928,6.18411067013905,"CMA","Chilliwack (B)",1444.02,6.14925058503007,3.72591871032424,6.14925058503014,c(4085913.5979, 4087831.57847717, 1950955.3994, 1956797.88459579),3.21704930997324
"113","9300020.02","59930",1373.67244270542,0.7156,983,841,850,836,-99,-99,-99,-99,-99,-99,2006,4.38333236855128,4.87373118285056,5.68170799531271,5.81766022555065,2,4.654144088275,6.1882793951564,6,21,21,0,0,836,1168.25041922862,205.422023476803,2006,15,0.934782608695652,10,20,15,180,50,90,25,70,455,460,1.73725189093098,5.32506651412631,"CMA","Chilliwack (B)",1444.02,3.55856065723195,0.120959146338136,3.55856065723211,c(4087331.6567, 4087831.57847717, 1953274.6145, 1956797.88459579),3.03526121119539
"114","9300022.00","59930",957.841483979764,1.186,1136,998,967,980,-99,-99,-99,-99,-99,-99,2006,3.25335270548869,3.87711801708443,4.84501036170956,4.84501036170956,12,4.25212025985235,7.62212928149887,46,59,59,0,2.08333333333333,980,826.306913996627,131.534569983137,2006,15,0.776470588235294,35,60,95,135,30,10,10,50,425,425,1.57794938398019,4.879269706674,"CMA","Chilliwack (B)",1444.02,3.77064463963335,2.81807920614603,3.77064463963381,c(4091601.0208, 4087831.57847717, 1956893.0979, 1956797.88459579),2.94912937686521
"115","9320008.04","59932",3392.65962795375,1.989,6748,6783,6689,5337,3941,2914,1126,-99,-99,-99,1991,6.41434201656137,4.75145416038759,3.18749777535184,3.18165932564299,2,1.78830472338202,3.08537949619719,5,110,110,4.56140350877193,1.66666666666667,1126,566.113624937154,2826.54600301659,1991,30,0.965616045845272,10,50,185,860,445,110,60,25,1740,1745,1.15923621255547,7.94681075159464,"CMA","Abbotsford - Mission (B)",606.72,3.00736206386447,1.71362263761274,3.01372702520991,c(4057264.8136, 4058498.33280883, 1960031.8091, 1957282.08530588),2.28487915269859
"116","9320106.05","59932",1964.1768650068,2.1327,4189,3528,3241,3759,3009,1557,887,-99,-99,-99,1991,1.54452971226085,4.59258995557028,3.99062908291757,3.84343917054506,5,5.01271457890812,3.74568209713667,38,136,157,2.11640211640212,2.68096514745308,887,415.904721714259,1548.27214329254,1991,30,0.951515151515152,15,65,285,695,80,140,85,285,1660,1650,1.38394888336559,7.34489484185866,"CMA","Abbotsford - Mission (B)",606.72,6.95894180005426,3.99610069767185,6.95117222775896,c(4064386.6793, 4058498.33280883, 1953588.0129, 1957282.08530588),3.82695876267245
"117","9330149.06","59933",2868.95559949667,1.6689,4788,4943,5140,4978,4693,2911,1941,1816,2774,2353,1976,2.88579095149871,3.01475638517131,2.0473308573487,2.0473308573487,9,3.31542202393503,1.80242586220607,18,101,101,9.16666666666667,14.2414860681115,2353,1409.91071963569,1459.04487986099,1976,45,0.974137931034483,10,35,45,1210,265,90,65,20,1735,1740,0.716536923979241,7.28553730874947,"CMA","Vancouver (B)",2878.93,14.0703775499455,0.107547702480642,4.07988857134015,c(4008429.5849, 4011981.94871978, 1998595.3205, 1996588.7806807),2.48401282018618
"118","9330180.06","59933",1847.26648688404,1.6316,3014,2711,2454,2089,687,598,573,514,452,392,1976,0,0,2.58256415214239,2.68102786477368,0,NA,2.58256415214239,0,120,147,2.5974025974026,5.66473988439306,573,351.189016915911,1496.07746996813,1991,30,0.980582524271845,0,20,30,305,455,130,50,40,1025,1030,0.948782762803755,7.31060194193169,"CMA","Vancouver (B)",2878.93,34.4796666005978,1.23892748111825,8.55380484051421,c(4029080.3811, 4029275.9417995, 1974917.8331, 1983469.40215266),1.99458333550079
"119","9330184.26","59933",6151.17157974301,0.6615,4069,3764,3584,2837,1290,1574,1161,675,917,540,1976,0.74076565752092,2.37002481409967,2.36963843742063,2.35100489792581,3,10.9743574647115,2.36648231430201,4,93,103,14.0921409214092,13.3489461358314,540,816.326530612245,5334.84504913076,1976,45,0.957547169811321,0,45,45,365,355,130,65,55,1060,1060,0.862737385458508,8.5820151191024,"CMA","Vancouver (B)",2878.93,27.7650534497917,1.08932033278846,1.62567321320912,c(4030719.3918, 4029275.9417995, 1982721.5616, 1983469.40215266),2.2837790717686
"120","9330185.18","59933",3212.20757629735,1.6842,5410,5295,4779,4582,4199,2777,2311,1331,865,677,1976,2.65418439240177,3.63341340275142,3.46290425173498,3.35218386131046,34,4.49082981730496,3.33416966851103,70,157,164,7.23981900452489,9.84251968503937,677,401.97126232039,2810.23631397696,1976,45,0.944444444444444,25,55,270,450,190,160,170,120,1445,1440,1.24210761610215,7.94102385629249,"CMA","Vancouver (B)",2878.93,26.640165015262,0.837177880360916,3.93393010025811,c(4025595.5588, 4029275.9417995, 1982079.9465, 1983469.40215266),2.29650415163771
"121","9330185.19","59933",8727.00296735905,0.674,5882,5975,5418,4490,3207,3435,1998,1620,1047,820,1976,1.26695214453718,1.5635776958386,1.71429864158633,1.71045104818799,14,1.73854284779969,1.81937357162989,26,72,73,15.7039711191336,16.2911611785095,820,1216.61721068249,7510.38575667656,1976,45,0.945454545454545,25,80,175,640,275,455,220,55,1920,1925,0.539004041629616,8.9240421091749,"CMA","Vancouver (B)",2878.93,25.1937262416201,0.607743003655674,3.61816807842932,c(4025659.8968, 4029275.9417995, 1983593.3328, 1983469.40215266),2.48791279523175
"122","9330185.20","59933",7741.98337292162,0.6736,5215,5166,4808,3980,2843,3046,1771,1436,929,727,1976,1.39129965210936,2.05913188645301,2.25228164078294,2.29591231948205,3,2.63937149063684,2.27775278688304,6,61,64,14.5833333333333,10.9561752988048,727,1079.27553444181,6662.70783847981,1976,45,0.966542750929368,0,45,65,415,445,205,110,60,1355,1345,0.811943764972406,8.80428126325655,"CMA","Vancouver (B)",2878.93,25.770086235487,0.43630595484847,2.90655783843473,c(4026381.8207, 4029275.9417995, 1983200.8104, 1983469.40215266),2.32306272460272
"123","9330187.07","59933",3176.75398976212,0.6642,2110,2013,1932,1784,1558,1154,714,321,399,263,1976,0,0,2.03870741703595,2.02091580153915,0,NA,2.03870741703595,0,63,65,5.66037735849057,5.64102564102564,714,1074.97741644083,2101.77657332129,1991,30,0.9609375,0,25,55,385,90,45,30,10,635,640,0.712315987934683,7.65053825336181,"CMA","Vancouver (B)",2878.93,29.8559685078912,1.56608129686105,6.17682896996458,c(4035432.2379, 4029275.9417995, 1982966.1781, 1983469.40215266),2.67729184971588
"124","9330187.15","59933",5737.21163490471,0.6979,4004,4078,4066,3007,2052,2189,1355,609,757,500,1976,5.16579013371995,4.26948575583558,2.3710140405801,2.3710140405801,5,0.760230200338396,2.18394948347582,9,71,71,10.7744107744108,12.5373134328358,500,716.435019343746,5020.77661556097,1976,45,0.949367088607595,10,50,130,640,225,55,45,30,1175,1185,0.863317728862487,8.52133990501531,"CMA","Vancouver (B)",2878.93,28.830629704922,0.390836701315412,4.36013021880557,c(4033614.9871, 4029275.9417995, 1983041.1249, 1983469.40215266),2.24422154848983
"125","9330188.01","59933",1265.65668615054,2.5149,3183,3094,3148,2709,3165,1648,1010,417,350,311,1976,5.5701738645749,4.36304360149968,3.27921900705536,3.20500212389216,11,3.97648945286214,2.72512358839632,34,115,120,4.95495495495495,16.4335664335664,311,123.662968706509,1141.99371744403,1976,45,0.934065934065934,25,35,190,355,190,45,45,25,915,910,1.18760528643886,7.04053088883833,"CMA","Vancouver (B)",2878.93,25.4912599870225,3.33748208452801,8.65086661091724,c(4036005.7817, 4029275.9417995, 1988905.0942, 1983469.40215266),2.33370581221466
"126","9330188.02","59933",3106.86880029946,1.0686,3320,3034,2832,2423,983,1719,1054,435,365,324,1976,4.79665945589818,3.63542993490368,3.23490527975357,3.37760875291951,4,3.33741280176401,3.20814861329197,12,133,149,10.1214574898785,16.1172161172161,324,303.200449185851,2803.66835111361,1976,45,0.952631578947368,15,30,120,425,105,80,70,105,935,950,1.17399964769532,7.93868396409558,"CMA","Vancouver (B)",2878.93,26.3910670477797,0.646790089597027,7.86126775883065,c(4035932.532, 4029275.9417995, 1987651.4277, 1983469.40215266),2.36499134103136
"127","9330188.07","59933",1796.8946705833,2.383,4282,4309,4431,4071,3297,2217,1359,561,472,418,1976,2.96457350043726,3.09227095211012,2.96476169986856,2.92907688755714,31,3.35807509351748,2.94275790629187,51,156,165,6.66666666666667,13.4328358208955,418,175.409148132606,1621.48552245069,1976,45,0.991902834008097,0,10,245,535,310,70,40,25,1245,1235,1.08679665818049,7.3910979972158,"CMA","Vancouver (B)",2878.93,27.6569728824589,2.35973086118303,9.20768261769924,c(4037592.9429, 4029275.9417995, 1987420.2137, 1983469.40215266),3.3091127512122
"128","9330280.01","59933",1774.1935483871,0.031,55,51,54,56,59,59,56,26,21,25,1976,0,0,12.3496651890572,12.3496651890572,0,NA,12.3496651890572,0,1,1,0,0,56,1806.45161290323,1,1991,30,1,0,0,0,10,0,0,0,0,25,10,2.5136289525087,0,"CMA","Vancouver (B)",2878.93,23.9399016446034,0.400113544523154,10.6605895320257,c(4036372.8041, 4029275.9417995, 1991424.4455, 1983469.40215266),2.1252733559348
"129","9330287.17","59933",2739.29049531459,0.5976,1637,1458,1187,1182,1178,1097,928,335,159,59,1976,0.779913583680838,6.36760367827563,5.66802026158176,5.24471114354233,2,6.38632126967303,5.70294196517069,3,53,59,10.1694915254237,11.8571428571429,59,98.7282463186078,2640.56224899598,1976,45,0.953271028037383,0,25,60,350,40,35,15,10,535,535,1.73483989655418,7.87874714656935,"CMA","Vancouver (B)",2878.93,25.3375075040978,2.77448463983079,18.6176968525326,c(4041930.964, 4029275.9417995, 1997124.7692, 1983469.40215266),2.50029794978354
"130","9330504.08","59933",3293.85039753367,1.2326,4060,4171,4212,4207,4217,3333,1816,850,378,317,1976,3.41601732354688,3.20171962300424,3.28160279568304,3.25483490706937,15,2.95829156427701,3.2950399723381,29,134,135,3.28467153284672,2.22841225626741,317,257.179944832062,3036.67045270161,1976,45,0.964052287581699,10,45,485,915,50,25,0,0,1535,1530,1.18833196026243,8.01851694835842,"CMA","Vancouver (B)",2878.93,38.356171800269,0.643708772131893,6.57541299610936,c(4043700.5244, 4039394.46779091, 1978550.2643, 1973580.96530027),3.49778824392945
"131","9330504.17","59933",2676.02057012253,1.5751,4215,4146,4077,3526,3482,2457,1182,883,392,329,1976,3.01609792748815,3.42538050935463,2.70097929844402,2.69078701538256,36,3.98446271818137,2.38368352026867,63,210,210,1.92926045016077,3.64220674879486,329,208.875626944321,2467.14494317821,1976,45,0.901754385964912,0,140,285,910,25,35,15,15,1430,1425,0.99361441037682,7.81081686761183,"CMA","Vancouver (B)",2878.93,36.7584980950318,0.934989278116292,7.48152920626298,c(4043059.1504, 4039394.46779091, 1980103.494, 1973580.96530027),4.92509061138087
"132","9350154.05","59935",1534.87031700288,1.735,2663,2224,2073,1792,1550,4284,3810,1799,1565,1430,1976,4.30424783811938,3.20840880644147,4.25480659658469,4.19712029929004,5,3.09331102447072,5.98729612277934,68,108,128,8.55855855855856,8.80829015544041,1430,824.207492795389,710.662824207493,1976,45,0.804878048780488,20,180,260,130,55,195,115,70,1030,1025,1.44804930778072,6.56619808976552,"CMA","Victoria (B)",695.29,10.9140497060653,3.9124682028197,13.4635466838435,c(3948275.8341, 3959517.88650197, 1936575.0313, 1929166.7017245),3.41058098225164
"133","9380001.03","59938",347.419171866137,0.7052,245,230,229,232,199,216,-99,-99,-99,-99,1996,6.28747420374113,5.72387215152551,5.45984459340268,5.45984459340268,13,5.42129774756987,4.87191035057761,29,43,43,0,12.5,216,306.296086216676,41.1230856494611,1996,25,0.875,0,10,25,20,10,15,0,0,85,80,1.69742032660498,3.7165696584449,"CMA","Nanaimo (B)",1279.28,16.421562003383,1.59654789404855,16.4215620033832,c(3953202.3709, 3960658.84795685, 2039142.8373, 2024511.7522913),4.21816782774895
